{
  "health_topics": [
    {
      "keywords": [
        "lifestyle diabetes",
        "lifestyle for diabetes",
        "lifestyle of diabetes",
        "lifestyle high diabetes",
        "lifestyle for high diabetes",
        "lifestyle of high diabetes",
        "lifestyle severe diabetes",
        "lifestyle for severe diabetes",
        "manage diabetes lifestyle",
        "living with diabetes lifestyle",
        "diabetes lifestyle tips",
        "diabetes lifestyle recommendations",
        "how to live with diabetes",
        "diabetes daily routine",
        "tips for diabetes manage",
        "tips for diabetes management",
        "tips for diabetic manage",
        "tips for diabetic management",
        "give me tips for diabetes manage",
        "give me tips for diabetes management",
        "give me tips for diabetic manage",
        "give me tips for diabetic management",
        "give me the tips for diabetes manage",
        "give me the tips for diabetes management",
        "give me the tips for diabetic manage",
        "give me the tips for diabetic management",
        "tips to manage diabetes",
        "tips to manage diabetic",
        "how to manage diabetes",
        "how to manage diabetic",
        "diabetes management tips",
        "diabetic management tips",
        "diabetes tips",
        "diabetic tips"
      ],
      "category": "diabetes",
      "response": "<strong>Lifestyle Management for Diabetes:</strong><br><br>⚠️ <strong>IMPORTANT:</strong> If you have high/severe diabetes, consult your doctor immediately!<br><br><strong>🍽️ Diet (Critical):</strong><br>• <strong>Eat:</strong> Non-starchy vegetables (spinach, broccoli, cauliflower), lean proteins (fish, chicken, tofu), healthy fats (avocado, nuts, olive oil), high-fiber foods (beans, lentils, whole grains)<br>• <strong>Avoid:</strong> Sugary drinks, white bread/rice, candy, pastries, fried foods, processed snacks<br>• <strong>Portion control:</strong> Use smaller plates, measure servings<br>• <strong>Meal timing:</strong> Eat at regular times, don't skip meals<br><br><strong>💪 Exercise (Essential):</strong><br>• 30 minutes daily moderate activity (brisk walking, swimming)<br>• Strength training 2-3 times/week<br>• Check blood sugar before/after exercise<br>• Always carry fast-acting carbs (glucose tablets, juice)<br><br><strong>💊 Medication Compliance:</strong><br>• Take medications exactly as prescribed<br>• Never skip doses<br>• Monitor blood sugar regularly (as directed)<br>• Keep medication schedule consistent<br><br><strong>📊 Blood Sugar Monitoring:</strong><br>• Check glucose levels as recommended by doctor<br>• Keep a log of readings<br>• Know your target ranges<br>• Report concerning patterns to doctor<br><br><strong>😴 Sleep & Stress:</strong><br>• Get 7-8 hours quality sleep nightly<br>• Practice stress management (meditation, deep breathing)<br>• Avoid alcohol and smoking<br>• Stay hydrated (8 glasses water/day)<br><br><strong>🏥 Medical Care:</strong><br>• Regular doctor visits (every 3 months)<br>• Annual eye exams<br>• Kidney function tests<br>• Foot care daily<br>• A1C testing every 3-6 months<br><br><strong>⚠️ Warning Signs to Watch:</strong><br>• Extreme thirst/urination<br>• Blurred vision<br>• Slow-healing wounds<br>• Numbness in feet<br>• Seek immediate help if blood sugar >300 mg/dL<br><br>Want to assess your diabetes risk? <a href='/predictdata'>Take our AI Assessment</a><br><br><strong>Remember:</strong> Diabetes is manageable with proper lifestyle changes and medical care. You can do this! 💪"
    },
    {
      "keywords": [
        "lifestyle blood pressure",
        "lifestyle for blood pressure",
        "lifestyle of blood pressure",
        "lifestyle bp",
        "lifestyle for bp",
        "lifestyle of bp",
        "lifestyle high blood pressure",
        "lifestyle for high blood pressure",
        "lifestyle of high blood pressure",
        "lifestyle high bp",
        "lifestyle for high bp",
        "lifestyle of high bp",
        "lifestyle hypertension",
        "lifestyle for hypertension",
        "lifestyle of hypertension",
        "manage blood pressure lifestyle",
        "manage bp lifestyle",
        "living with hypertension lifestyle",
        "bp lifestyle tips",
        "blood pressure lifestyle recommendations",
        "how to live with high blood pressure",
        "hypertension daily routine",
        "tips for blood pressure manage",
        "tips for blood pressure management",
        "tips for bp manage",
        "tips for bp management",
        "give me tips for blood pressure manage",
        "give me tips for blood pressure management",
        "give me tips for bp manage",
        "give me tips for bp management",
        "give me the tips for blood pressure manage",
        "give me the tips for blood pressure management",
        "give me the tips for bp manage",
        "give me the tips for bp management",
        "tips to manage blood pressure",
        "tips to manage bp",
        "how to manage blood pressure",
        "how to manage bp",
        "blood pressure management tips",
        "bp management tips",
        "tips for hypertension manage",
        "tips for hypertension management",
        "give me tips for hypertension",
        "hypertension management tips",
        "blood pressure tips",
        "bp tips",
        "hypertension tips"
      ],
      "category": "blood_pressure",
      "response": "<strong>Lifestyle Management for Blood Pressure:</strong><br><br>⚠️ <strong>IMPORTANT:</strong> If you have high blood pressure, consult your doctor for proper treatment!<br><br><strong>🍽️ DASH Diet (Proven to Lower BP):</strong><br>• <strong>Eat more:</strong> Fruits, vegetables, whole grains, lean proteins, low-fat dairy, nuts, seeds<br>• <strong>Eat less:</strong> Sodium (<2,300mg/day), red meat, sweets, sugary drinks<br>• <strong>Key nutrients:</strong> Potassium, calcium, magnesium, fiber<br>• <strong>Reduce salt:</strong> Avoid processed foods, cook at home, use herbs/spices<br><br><strong>💪 Exercise (Powerful BP Medicine):</strong><br>• 150 minutes/week moderate activity (brisk walking, swimming, cycling)<br>• 75 minutes/week vigorous activity<br>• Strength training 2 times/week<br>• Benefits: Lowers BP by 5-8 points, strengthens heart<br>• Effects last 24 hours after exercise!<br><br><strong>⚖️ Weight Management:</strong><br>• Lose 5-10 pounds to significantly lower BP<br>• For every 2 pounds lost, BP drops about 1 point<br>• Combine healthy eating with regular exercise<br>• Maintain healthy BMI (18.5-24.9)<br><br><strong>🚭 Lifestyle Changes:</strong><br>• <strong>Quit smoking:</strong> BP improves within 20 minutes!<br>• <strong>Limit alcohol:</strong> Max 2 drinks/day (men), 1 drink/day (women)<br>• <strong>Reduce caffeine:</strong> Limit to 200-300mg/day (2-3 cups coffee)<br>• <strong>Manage stress:</strong> Deep breathing, meditation, yoga, adequate sleep<br><br><strong>😴 Sleep & Stress:</strong><br>• Get 7-9 hours quality sleep nightly<br>• Treat sleep apnea if present<br>• Practice relaxation techniques daily<br>• Maintain work-life balance<br><br><strong>💊 Medication & Monitoring:</strong><br>• Take BP medications as prescribed<br>• Never stop medications without doctor approval<br>• Monitor BP at home regularly<br>• Keep a log of readings<br><br><strong>⚠️ Warning Signs (Seek Immediate Help):</strong><br>• BP over 180/120<br>• Severe headache<br>• Chest pain<br>• Shortness of breath<br>• Vision changes<br><br>Want to check your BP? <a href='/blood-pressure'>Take our AI Assessment</a><br><br><strong>Remember:</strong> High blood pressure is manageable! Small lifestyle changes make a big difference. 💪"
    },
    {
      "keywords": [
        "lifestyle mental health",
        "lifestyle for mental health",
        "lifestyle of mental health",
        "lifestyle depression",
        "lifestyle for depression",
        "lifestyle of depression",
        "lifestyle anxiety",
        "lifestyle for anxiety",
        "lifestyle of anxiety",
        "manage mental health lifestyle",
        "manage depression lifestyle",
        "manage anxiety lifestyle",
        "living with depression lifestyle",
        "living with anxiety lifestyle",
        "mental health lifestyle tips",
        "mental health lifestyle recommendations",
        "how to live with depression",
        "how to live with anxiety",
        "mental health daily routine",
        "depression daily routine",
        "anxiety daily routine",
        "tips for mental health manage",
        "tips for mental health management",
        "tips for mental peace manage",
        "tips for mental peace management",
        "give me tips for mental health manage",
        "give me tips for mental health management",
        "give me tips for mental peace manage",
        "give me tips for mental peace management",
        "give me the tips for mental health manage",
        "give me the tips for mental health management",
        "give me the tips for mental peace manage",
        "give me the tips for mental peace management",
        "tips to manage mental health",
        "tips to manage mental peace",
        "how to manage mental health",
        "how to manage mental peace",
        "mental health management tips",
        "mental peace management tips",
        "tips for depression manage",
        "tips for depression management",
        "tips for anxiety manage",
        "tips for anxiety management",
        "give me tips for depression",
        "give me tips for anxiety",
        "depression management tips",
        "anxiety management tips",
        "mental health tips",
        "mental peace tips",
        "depression tips",
        "anxiety tips"
      ],
      "category": "mental_health",
      "response": "<strong>Lifestyle Management for Mental Health:</strong><br><br>💙 <strong>IMPORTANT:</strong> If you're experiencing severe depression/anxiety, please seek professional help. You deserve support!<br><br><strong>🏃 Physical Health (Foundation):</strong><br>• <strong>Exercise:</strong> 30 minutes daily - releases endorphins (natural mood boosters)<br>• <strong>Sleep:</strong> 7-9 hours consistently - poor sleep worsens depression/anxiety<br>• <strong>Nutrition:</strong> Eat regular balanced meals - brain-boosting foods (fatty fish, leafy greens, berries, nuts)<br>• <strong>Hydration:</strong> Drink 8 glasses water daily<br>• <strong>Limit:</strong> Caffeine (after 2pm), alcohol, processed foods<br><br><strong>🧘 Mental Wellness Practices:</strong><br>• <strong>Meditation/Mindfulness:</strong> 10-15 minutes daily - reduces stress/anxiety<br>• <strong>Deep breathing:</strong> 4-7-8 technique when anxious<br>• <strong>Journaling:</strong> Write thoughts and feelings daily<br>• <strong>Gratitude practice:</strong> List 3 things you're grateful for each day<br>• <strong>Limit screen time:</strong> Especially news and social media<br><br><strong>👥 Social Connection (Vital):</strong><br>• <strong>Talk to someone:</strong> Friends, family, therapist<br>• <strong>Join groups:</strong> Support groups, clubs with shared interests<br>• <strong>Volunteer:</strong> Helping others boosts mood<br>• <strong>Stay connected:</strong> Regular social interaction<br>• <strong>Quality over quantity:</strong> One close friend is better than many superficial connections<br><br><strong>🎯 Daily Structure & Purpose:</strong><br>• <strong>Routine:</strong> Consistent wake/sleep times<br>• <strong>Set goals:</strong> Small, achievable daily goals<br>• <strong>Celebrate wins:</strong> Acknowledge small accomplishments<br>• <strong>Hobbies:</strong> Do activities you enjoy<br>• <strong>Purpose:</strong> Find meaning in daily activities<br><br><strong>💊 Professional Support:</strong><br>• <strong>Therapy:</strong> CBT, DBT, or talk therapy<br>• <strong>Medication:</strong> If recommended by doctor<br>• <strong>Regular checkups:</strong> Monitor mental health<br>• <strong>Crisis resources:</strong> 988 Lifeline, Crisis Text Line (741741)<br><br><strong>🚫 What to Avoid:</strong><br>• Isolating yourself<br>• Skipping meals or sleep<br>• Excessive alcohol or drugs<br>• Negative self-talk<br>• Comparing yourself to others on social media<br><br><strong>⚠️ Seek Immediate Help If:</strong><br>• Thoughts of suicide or self-harm<br>• Unable to function in daily life<br>• Severe panic attacks<br>• Call 988 or go to ER<br><br>Want to assess your mental health? <a href='/mental-health'>Take our AI Screening</a><br><br><strong>Remember:</strong> Mental health is just as important as physical health. You're not alone, and recovery is possible. Small steps lead to big changes! 💙🌟"
    },
    {
      "keywords": [
        "what is diabetes",
        "define diabetes",
        "diabetes meaning",
        "tell me about diabetes"
      ],
      "category": "diabetes",
      "response": "Diabetes is a chronic condition where your body can't properly regulate blood sugar (glucose). Think of insulin as a key that unlocks cells to let glucose in for energy. In diabetes, either your body doesn't make enough insulin (Type 1) or can't use it effectively (Type 2). This causes sugar to build up in your blood instead of fueling your cells. Want to check your risk? <a href='/predictdata'>Take our AI Assessment</a>"
    },
    {
      "keywords": [
        "type 1 diabetes",
        "type 1",
        "juvenile diabetes",
        "insulin dependent diabetes"
      ],
      "category": "diabetes",
      "response": "Type 1 diabetes is an autoimmune condition where your immune system attacks insulin-producing cells in your pancreas. It usually develops in childhood or young adulthood, though it can occur at any age. People with Type 1 need daily insulin injections to survive. It's not caused by lifestyle factors and can't be prevented. If you're concerned about diabetes risk, <a href='/predictdata'>take our assessment</a>."
    },
    {
      "keywords": [
        "type 2 diabetes",
        "type 2",
        "adult onset diabetes",
        "lifestyle diabetes",
        "tips for diabetes manage",
        "tips for diabetes management",
        "tips for diabetic manage",
        "tips for diabetic management",
        "give me tips for diabetes manage",
        "give me tips for diabetes management",
        "give me tips for diabetic manage",
        "give me tips for diabetic management",
        "give me the tips for diabetes manage",
        "give me the tips for diabetes management",
        "give me the tips for diabetic manage",
        "give me the tips for diabetic management",
        "tips to manage diabetes",
        "tips to manage diabetic",
        "how to manage diabetes",
        "how to manage diabetic",
        "diabetes management tips",
        "diabetic management tips",
        "diabetes tips",
        "diabetic tips"
      ],
      "category": "diabetes",
      "response": "Type 2 diabetes is the most common form, affecting about 90-95% of people with diabetes. Your body becomes resistant to insulin or doesn't produce enough. It's strongly linked to lifestyle factors like obesity, inactivity, and poor diet. The good news? Type 2 can often be prevented or managed through healthy lifestyle changes. Check your risk now: <a href='/predictdata'>AI Diabetes Assessment</a>"
    },
    {
      "keywords": [
        "prediabetes",
        "pre diabetes",
        "borderline diabetes",
        "am i prediabetic"
      ],
      "category": "diabetes",
      "response": "Prediabetes means your blood sugar is higher than normal but not high enough to be diagnosed as diabetes. Think of it as a warning sign - you're at the crossroads. The great news? This is reversible! With lifestyle changes like losing 5-7% of body weight, exercising 30 minutes daily, and eating healthier, you can prevent or delay Type 2 diabetes. <a href='/predictdata'>Check your risk level</a>"
    },
    {
      "keywords": [
        "diabetes symptoms",
        "signs of diabetes",
        "how do i know if i have diabetes",
        "diabetes warning signs"
      ],
      "category": "diabetes",
      "response": "Common diabetes symptoms include: frequent urination (especially at night), excessive thirst, unexplained weight loss, extreme hunger, blurred vision, slow-healing cuts or bruises, tingling in hands/feet, and constant fatigue. Some people have no symptoms at all! That's why screening is important. <a href='/predictdata'>Get assessed now</a> - it takes just 1 minute."
    },
    {
      "keywords": [
        "normal blood sugar",
        "blood sugar levels",
        "glucose levels",
        "what should my blood sugar be"
      ],
      "category": "diabetes",
      "response": "Normal blood sugar levels: <strong>Fasting (8+ hours):</strong> 70-99 mg/dL | <strong>Before meals:</strong> 70-130 mg/dL | <strong>2 hours after meals:</strong> Less than 140 mg/dL | <strong>Prediabetes:</strong> 100-125 mg/dL fasting | <strong>Diabetes:</strong> 126+ mg/dL fasting. Want to know your diabetes risk? <a href='/predictdata'>Take our AI assessment</a>"
    },
    {
      "keywords": [
        "diabetes complications",
        "what happens if diabetes untreated",
        "diabetes dangers",
        "diabetes risks"
      ],
      "category": "diabetes",
      "response": "Untreated diabetes can lead to serious complications: <strong>Heart disease & stroke</strong> (2-4x higher risk), <strong>kidney damage</strong> (leading cause of kidney failure), <strong>nerve damage</strong> (numbness, pain), <strong>eye damage</strong> (blindness), <strong>foot problems</strong> (infections, amputations), <strong>skin conditions</strong>, <strong>hearing impairment</strong>, and <strong>Alzheimer's disease</strong>. Early detection is crucial! <a href='/predictdata'>Check your risk</a>"
    },
    {
      "keywords": [
        "diabetes diet",
        "what to eat diabetes",
        "diabetic food",
        "diabetes meal plan"
      ],
      "category": "diabetes",
      "response": "Best foods for diabetes: <strong>Leafy greens</strong> (spinach, kale), <strong>fatty fish</strong> (salmon, sardines), <strong>nuts & seeds</strong> (almonds, chia), <strong>whole grains</strong> (quinoa, oats), <strong>beans & legumes</strong>, <strong>berries</strong>, <strong>Greek yogurt</strong>, <strong>eggs</strong>. Avoid: sugary drinks, white bread, candy, fried foods, processed snacks. After our <a href='/predictdata'>assessment</a>, you'll get personalized dietary recommendations!"
    },
    {
      "keywords": [
        "can diabetes be cured",
        "reverse diabetes",
        "cure diabetes",
        "get rid of diabetes"
      ],
      "category": "diabetes",
      "response": "Type 1 diabetes cannot be cured - it requires lifelong insulin therapy. Type 2 diabetes can sometimes be reversed or put into remission through significant lifestyle changes: losing weight, exercising regularly, eating a healthy diet, and managing stress. Some people can stop medications entirely, but it requires ongoing commitment. Prediabetes is highly reversible! <a href='/predictdata'>Check your status</a>"
    },
    {
      "keywords": [
        "diabetes exercise",
        "workout for diabetes",
        "physical activity diabetes",
        "best exercise diabetes"
      ],
      "category": "diabetes",
      "response": "Exercise is powerful medicine for diabetes! Aim for: <strong>150 minutes/week</strong> of moderate activity (brisk walking, swimming, cycling), <strong>strength training</strong> 2-3 times/week, <strong>flexibility exercises</strong> daily. Benefits: lowers blood sugar, improves insulin sensitivity, aids weight loss, reduces stress. Always check blood sugar before/after exercise and carry a snack. <a href='/predictdata'>Assess your risk</a>"
    },
    {
      "keywords": [
        "gestational diabetes",
        "pregnancy diabetes",
        "diabetes while pregnant",
        "diabetes during pregnancy"
      ],
      "category": "diabetes",
      "response": "Gestational diabetes develops during pregnancy, usually around 24-28 weeks. It affects how your cells use sugar and can cause high blood sugar that affects your pregnancy and baby's health. Most women's blood sugar returns to normal after delivery, but they have a higher risk of developing Type 2 diabetes later. Proper management is crucial for a healthy pregnancy."
    },
    {
      "keywords": [
        "insulin",
        "what is insulin",
        "insulin function",
        "insulin role"
      ],
      "category": "diabetes",
      "response": "Insulin is a hormone produced by your pancreas that acts like a key, unlocking your cells to let glucose (sugar) in for energy. Without enough insulin or if your body can't use it properly, glucose builds up in your bloodstream instead of fueling your cells. This is what happens in diabetes. Think of it as the delivery truck that brings energy to every cell in your body!"
    },
    {
      "keywords": [
        "a1c",
        "hemoglobin a1c",
        "hba1c",
        "what is a1c test"
      ],
      "category": "diabetes",
      "response": "The A1C test measures your average blood sugar levels over the past 2-3 months. Results: <strong>Normal:</strong> Below 5.7% | <strong>Prediabetes:</strong> 5.7-6.4% | <strong>Diabetes:</strong> 6.5% or higher. For people with diabetes, the goal is usually below 7%. It's like a report card for your blood sugar management. Want to assess your diabetes risk? <a href='/predictdata'>Start here</a>"
    },
    {
      "keywords": [
        "hypoglycemia",
        "low blood sugar",
        "blood sugar too low",
        "sugar crash"
      ],
      "category": "diabetes",
      "response": "Hypoglycemia (low blood sugar below 70 mg/dL) can happen if you take too much insulin, skip meals, exercise more than usual, or drink alcohol. Symptoms: shakiness, sweating, confusion, dizziness, hunger, irritability, fast heartbeat. <strong>Quick fix:</strong> Eat 15g fast-acting carbs (juice, glucose tablets, candy), wait 15 min, recheck. If severe, call 911. Prevention is key!"
    },
    {
      "keywords": [
        "hyperglycemia",
        "high blood sugar",
        "blood sugar too high",
        "sugar spike"
      ],
      "category": "diabetes",
      "response": "Hyperglycemia (high blood sugar) happens when there's too much glucose in your blood. Causes: eating too much, not enough insulin/medication, illness, stress, inactivity. Symptoms: frequent urination, increased thirst, blurred vision, fatigue, headache. If very high (over 240 mg/dL) and you have ketones, seek immediate medical care. <a href='/predictdata'>Check your diabetes risk</a>"
    },
    {
      "keywords": [
        "i have high diabetes",
        "i have severe diabetes",
        "my diabetes is high",
        "high diabetes"
      ],
      "category": "diabetes",
      "response": "⚠️ <strong>High Diabetes - Immediate Action Required</strong><br><br><strong>Please consult a doctor first!</strong> High blood sugar needs professional medical attention. However, you can check with our <strong>Smart AI Assessment</strong> to get an initial evaluation:<br><a href='/predictdata'>🤖 Take AI Diabetes Assessment</a><br><br>Remember: AI assessment complements but doesn't replace professional medical advice!"
    },
    {
      "keywords": [
        "i have low diabetes",
        "i have mild diabetes",
        "my diabetes is low",
        "low diabetes"
      ],
      "category": "diabetes",
      "response": "Good news! Low or mild diabetes can often be managed with lifestyle changes. I recommend taking our <strong>Smart AI Assessment</strong> to get a detailed analysis:<br><br><a href='/predictdata'>🤖 Take AI Diabetes Assessment</a><br><br>Our AI will analyze your health parameters and provide personalized recommendations, lifestyle modification tips, and dietary guidance. Early detection and management can prevent progression!"
    },
    {
      "keywords": [
        "i have diabetes",
        "i am diabetic",
        "diagnosed with diabetes"
      ],
      "category": "diabetes",
      "response": "I understand you have diabetes. It's important to manage it properly. You can:<br><br>1. <strong>Consult a doctor</strong> for proper treatment plan<br>2. <strong>Use our Smart AI Checkup</strong> to monitor your health:<br><a href='/predictdata'>🤖 Take AI Diabetes Assessment</a><br><br>Our assessment provides risk level analysis, personalized lifestyle tips, dietary recommendations, and exercise guidance. Regular monitoring is key!"
    },
    {
      "keywords": [
        "diabetes medication",
        "diabetes drugs",
        "metformin",
        "diabetes pills"
      ],
      "category": "diabetes",
      "response": "Common diabetes medications include: <strong>Metformin</strong> (first-line for Type 2), <strong>Sulfonylureas</strong> (stimulate insulin), <strong>DPP-4 inhibitors</strong>, <strong>SGLT2 inhibitors</strong>, <strong>GLP-1 agonists</strong>, and <strong>Insulin</strong> (for Type 1 and advanced Type 2). Each works differently. Never start, stop, or change medications without consulting your doctor. Lifestyle changes are equally important! <a href='/predictdata'>Check your risk</a>"
    },
    {
      "keywords": [
        "diabetes and alcohol",
        "can diabetics drink",
        "alcohol blood sugar",
        "drinking with diabetes"
      ],
      "category": "diabetes",
      "response": "Alcohol can affect blood sugar in complex ways - it can cause both highs and dangerous lows. If you have diabetes: drink in moderation (1 drink/day for women, 2 for men), never drink on an empty stomach, check blood sugar before/during/after, wear medical ID, and avoid sugary mixed drinks. Best choice: light beer or dry wine. Always consult your doctor about alcohol consumption."
    },
    {
      "keywords": [
        "diabetes and stress",
        "stress blood sugar",
        "stress affects diabetes",
        "anxiety diabetes"
      ],
      "category": "diabetes",
      "response": "Stress significantly impacts blood sugar! When stressed, your body releases hormones (cortisol, adrenaline) that raise blood glucose. Chronic stress makes diabetes harder to manage. <strong>Stress management tips:</strong> deep breathing, meditation, yoga, regular exercise, adequate sleep, talking to friends/therapist. Managing stress is as important as diet and exercise! <a href='/mental-health'>Check your mental health</a>"
    },
    {
      "keywords": [
        "diabetes and sleep",
        "sleep blood sugar",
        "diabetes insomnia",
        "sleep affects diabetes"
      ],
      "category": "diabetes",
      "response": "Poor sleep worsens diabetes control! Lack of sleep increases insulin resistance, raises blood sugar, and triggers cravings for unhealthy foods. Aim for 7-9 hours nightly. <strong>Sleep tips:</strong> consistent schedule, dark/cool room, no screens 1 hour before bed, avoid caffeine after 2pm, manage sleep apnea if present. Good sleep = better blood sugar control!"
    },
    {
      "keywords": [
        "diabetes in children",
        "kids diabetes",
        "child diabetes",
        "pediatric diabetes"
      ],
      "category": "diabetes",
      "response": "Children can develop both Type 1 (more common) and Type 2 diabetes. <strong>Warning signs:</strong> excessive thirst/urination, weight loss, fatigue, irritability, fruity breath. Type 2 in kids is rising due to obesity. <strong>Prevention:</strong> healthy diet, regular physical activity, limit screen time, maintain healthy weight. Early diagnosis is crucial for proper management and normal development."
    },
    {
      "keywords": [
        "diabetes and heart",
        "diabetes cardiovascular",
        "diabetes heart disease",
        "diabetes stroke"
      ],
      "category": "diabetes",
      "response": "Diabetes significantly increases heart disease and stroke risk - it's the leading cause of death in people with diabetes. High blood sugar damages blood vessels and nerves controlling your heart. <strong>Protection:</strong> control blood sugar, manage blood pressure and cholesterol, don't smoke, exercise regularly, eat heart-healthy diet, maintain healthy weight. Regular cardiac checkups are essential!"
    },
    {
      "keywords": [
        "diabetes and kidney",
        "diabetic nephropathy",
        "diabetes kidney disease",
        "kidney failure diabetes"
      ],
      "category": "diabetes",
      "response": "Diabetes is the leading cause of kidney disease. High blood sugar damages the tiny filters in your kidneys. <strong>Warning signs:</strong> swelling in legs/ankles, fatigue, poor appetite, nausea, foamy urine. <strong>Prevention:</strong> control blood sugar and blood pressure, take prescribed medications, limit salt, stay hydrated, regular kidney function tests. Early detection can slow or prevent kidney failure!"
    },
    {
      "keywords": [
        "diabetes and eyes",
        "diabetic retinopathy",
        "diabetes vision",
        "diabetes blindness"
      ],
      "category": "diabetes",
      "response": "Diabetes can damage blood vessels in your retina, leading to diabetic retinopathy and potential blindness. <strong>Symptoms:</strong> blurred vision, floaters, dark spots, difficulty seeing at night. Often no early symptoms! <strong>Prevention:</strong> control blood sugar, manage blood pressure, annual dilated eye exams, quit smoking. Early treatment can prevent 95% of vision loss!"
    },
    {
      "keywords": [
        "diabetes and feet",
        "diabetic foot",
        "foot care diabetes",
        "diabetes neuropathy"
      ],
      "category": "diabetes",
      "response": "Diabetes can cause nerve damage (neuropathy) and poor circulation in feet, leading to serious complications. <strong>Daily foot care:</strong> inspect feet daily, wash with warm water, moisturize (not between toes), trim nails carefully, wear proper shoes, never go barefoot. <strong>Warning signs:</strong> numbness, tingling, pain, cuts that won't heal, color changes. See doctor immediately for foot problems!"
    },
    {
      "keywords": [
        "diabetes and weight",
        "lose weight diabetes",
        "obesity diabetes",
        "weight loss diabetes"
      ],
      "category": "diabetes",
      "response": "Weight loss is one of the most powerful tools for managing Type 2 diabetes! Losing just 5-10% of body weight can significantly improve blood sugar control, reduce medication needs, and even put diabetes into remission. <strong>Healthy weight loss:</strong> 1-2 lbs/week, balanced diet, regular exercise, adequate sleep, stress management. <a href='/predictdata'>Check your diabetes risk</a>"
    },
    {
      "keywords": [
        "diabetes snacks",
        "diabetic snacks",
        "what snacks diabetes",
        "healthy snacks diabetes"
      ],
      "category": "diabetes",
      "response": "Best diabetes-friendly snacks: <strong>Nuts</strong> (almonds, walnuts), <strong>veggies with hummus</strong>, <strong>Greek yogurt</strong>, <strong>hard-boiled eggs</strong>, <strong>cheese with whole grain crackers</strong>, <strong>apple with peanut butter</strong>, <strong>berries</strong>, <strong>edamame</strong>. Aim for snacks with protein/fiber to prevent blood sugar spikes. Portion control is key - even healthy snacks can raise blood sugar if you eat too much!"
    },
    {
      "keywords": [
        "diabetes breakfast",
        "diabetic breakfast",
        "best breakfast diabetes",
        "morning meal diabetes"
      ],
      "category": "diabetes",
      "response": "A good diabetes breakfast balances protein, fiber, and healthy fats: <strong>Oatmeal with nuts and berries</strong>, <strong>eggs with vegetables and whole grain toast</strong>, <strong>Greek yogurt with chia seeds</strong>, <strong>smoothie with protein powder and spinach</strong>, <strong>avocado toast on whole grain bread</strong>. Avoid: sugary cereals, white bread, pastries, fruit juice. Never skip breakfast - it helps control blood sugar all day!"
    },
    {
      "keywords": [
        "diabetes and carbs",
        "carbohydrates diabetes",
        "carb counting",
        "how many carbs diabetes"
      ],
      "category": "diabetes",
      "response": "Carbs have the biggest impact on blood sugar. <strong>Carb counting basics:</strong> 45-60g per meal for most people, 15-20g per snack. Choose <strong>complex carbs</strong> (whole grains, vegetables, legumes) over <strong>simple carbs</strong> (sugar, white bread, candy). Pair carbs with protein/fat to slow absorption. Track your carbs and see how they affect your blood sugar. Everyone's needs are different!"
    },
    {
      "keywords": [
        "diabetes and protein",
        "protein diabetes",
        "how much protein diabetes",
        "protein blood sugar"
      ],
      "category": "diabetes",
      "response": "Protein is essential for diabetes management! It doesn't raise blood sugar like carbs do and helps you feel full longer. <strong>Best sources:</strong> lean meats, fish, eggs, Greek yogurt, tofu, legumes, nuts. Aim for protein at every meal. <strong>Caution:</strong> Very high protein diets may stress kidneys if you have kidney disease. Balance is key - about 15-20% of daily calories from protein."
    },
    {
      "keywords": [
        "diabetes and fiber",
        "fiber diabetes",
        "fiber blood sugar",
        "high fiber diabetes"
      ],
      "category": "diabetes",
      "response": "Fiber is a diabetes superfood! It slows sugar absorption, improves blood sugar control, aids weight loss, and reduces heart disease risk. Aim for 25-30g daily. <strong>Best sources:</strong> vegetables, fruits (with skin), whole grains, legumes, nuts, seeds. <strong>Tip:</strong> Increase fiber gradually and drink plenty of water to avoid digestive discomfort. Soluble fiber is especially beneficial!"
    },
    {
      "keywords": [
        "diabetes and water",
        "hydration diabetes",
        "drink water diabetes",
        "dehydration diabetes"
      ],
      "category": "diabetes",
      "response": "Staying hydrated is crucial for diabetes! Water helps kidneys flush out excess sugar through urine, prevents dehydration from frequent urination, and helps maintain healthy blood sugar levels. Aim for 8-10 glasses daily, more if exercising or in hot weather. <strong>Best choice:</strong> plain water. Avoid sugary drinks, limit diet sodas. Dehydration can raise blood sugar!"
    },
    {
      "keywords": [
        "diabetes and coffee",
        "coffee blood sugar",
        "caffeine diabetes",
        "can diabetics drink coffee"
      ],
      "category": "diabetes",
      "response": "Coffee's effect on blood sugar varies by person. Caffeine can temporarily raise blood sugar in some people, while coffee's antioxidants may improve insulin sensitivity long-term. <strong>Tips:</strong> drink black or with small amount of milk, avoid sugar and flavored syrups, monitor your blood sugar response, limit to 2-3 cups daily. If coffee raises your blood sugar, try decaf or tea."
    },
    {
      "keywords": [
        "diabetes and smoking",
        "smoking blood sugar",
        "quit smoking diabetes",
        "smoking affects diabetes"
      ],
      "category": "diabetes",
      "response": "Smoking is extremely dangerous with diabetes! It increases insulin resistance, raises blood sugar, and dramatically increases risk of heart disease, stroke, kidney disease, nerve damage, and foot problems. Smokers with diabetes are 3x more likely to die from cardiovascular disease. <strong>Quitting benefits:</strong> better blood sugar control, improved circulation, reduced complications. Get help quitting - it's one of the best things you can do!"
    },
    {
      "keywords": [
        "diabetes travel",
        "traveling with diabetes",
        "diabetes vacation",
        "diabetes trip"
      ],
      "category": "diabetes",
      "response": "Traveling with diabetes requires planning but is totally doable! <strong>Tips:</strong> pack 2x medications/supplies, carry snacks, wear medical ID, bring doctor's letter for airport security, research local healthcare, adjust insulin for time zones, stay hydrated, check blood sugar more often. Keep supplies in carry-on, never checked luggage. Plan ahead and enjoy your trip safely!"
    },
    {
      "keywords": [
        "diabetes support",
        "diabetes help",
        "diabetes community",
        "living with diabetes"
      ],
      "category": "diabetes",
      "response": "You're not alone! Millions live well with diabetes. <strong>Support resources:</strong> diabetes support groups, online communities, diabetes educators, endocrinologists, nutritionists, mental health counselors. <strong>Organizations:</strong> American Diabetes Association, JDRF, local diabetes centers. Connect with others who understand your journey. <a href='/predictdata'>Check your diabetes risk</a> and take control of your health!"
    },
    {
      "keywords": [
        "diabetes technology",
        "cgm",
        "continuous glucose monitor",
        "insulin pump"
      ],
      "category": "diabetes",
      "response": "Diabetes technology has revolutionized management! <strong>CGM (Continuous Glucose Monitor):</strong> tracks blood sugar 24/7, shows trends, alerts for highs/lows. <strong>Insulin pumps:</strong> deliver precise insulin doses automatically. <strong>Smart pens:</strong> track insulin doses. <strong>Apps:</strong> log food, activity, medications. These tools provide better control and quality of life. Ask your doctor what's right for you!"
    },
    {
      "keywords": [
        "diabetes cost",
        "afford diabetes",
        "diabetes expensive",
        "diabetes financial help"
      ],
      "category": "diabetes",
      "response": "Diabetes can be expensive, but help is available! <strong>Cost-saving tips:</strong> generic medications, patient assistance programs, manufacturer coupons, community health centers, mail-order pharmacies, insurance coverage review. <strong>Resources:</strong> NeedyMeds, RxAssist, Partnership for Prescription Assistance. Never skip medications due to cost - talk to your doctor about affordable alternatives!"
    },
    {
      "keywords": [
        "what is blood pressure",
        "define blood pressure",
        "blood pressure meaning",
        "explain blood pressure"
      ],
      "category": "blood_pressure",
      "response": "Blood pressure is the force of blood pushing against your artery walls as your heart pumps. It's measured in two numbers: <strong>Systolic</strong> (top number - pressure when heart beats) and <strong>Diastolic</strong> (bottom number - pressure when heart rests). Think of it like water pressure in a hose - too much pressure damages the hose (your arteries). <a href='/blood-pressure'>Check your BP now</a>"
    },
    {
      "keywords": [
        "normal blood pressure",
        "what is normal bp",
        "healthy blood pressure",
        "blood pressure range"
      ],
      "category": "blood_pressure",
      "response": "Normal blood pressure is <strong>less than 120/80 mmHg</strong>. Here's the full breakdown: <strong>Normal:</strong> <120/80 | <strong>Elevated:</strong> 120-129/<80 | <strong>Stage 1 Hypertension:</strong> 130-139/80-89 | <strong>Stage 2 Hypertension:</strong> ≥140/90 | <strong>Hypertensive Crisis:</strong> >180/120 (emergency!). Know your numbers - <a href='/blood-pressure'>get assessed</a>"
    },
    {
      "keywords": [
        "high blood pressure",
        "hypertension",
        "high bp",
        "elevated blood pressure"
      ],
      "category": "blood_pressure",
      "response": "High blood pressure (hypertension) is when blood pushes too hard against artery walls, making your heart work harder. Often called the 'silent killer' because it usually has no symptoms but increases risk of heart attack, stroke, and kidney disease. <strong>Good news:</strong> It's manageable through lifestyle changes and medication. <a href='/blood-pressure'>Check your BP risk</a>"
    },
    {
      "keywords": [
        "low blood pressure",
        "hypotension",
        "low bp",
        "blood pressure too low"
      ],
      "category": "blood_pressure",
      "response": "Low blood pressure (hypotension) is generally below 90/60 mmHg. While often not dangerous, it can cause dizziness, fainting, fatigue, and nausea. <strong>Causes:</strong> dehydration, heart problems, endocrine issues, blood loss, medications. <strong>Quick fixes:</strong> drink more water, increase salt intake (if doctor approves), wear compression stockings, rise slowly from sitting/lying. <a href='/blood-pressure'>Get assessed</a>"
    },
    {
      "keywords": [
        "blood pressure symptoms",
        "hypertension symptoms",
        "high bp signs",
        "how do i know high blood pressure"
      ],
      "category": "blood_pressure",
      "response": "Here's the scary truth: high blood pressure usually has NO symptoms! That's why it's called the 'silent killer.' Some people experience: severe headaches, nosebleeds, shortness of breath, chest pain, vision problems, or blood in urine - but these occur when BP is dangerously high. <strong>Only way to know:</strong> regular BP checks. <a href='/blood-pressure'>Check yours now</a>"
    },
    {
      "keywords": [
        "blood pressure causes",
        "why high blood pressure",
        "hypertension causes",
        "what causes high bp"
      ],
      "category": "blood_pressure",
      "response": "<strong>Primary hypertension</strong> (90% of cases) develops gradually with no identifiable cause. Risk factors: age, family history, obesity, inactivity, high salt diet, stress, smoking, alcohol. <strong>Secondary hypertension</strong> (10%) is caused by: kidney disease, sleep apnea, thyroid problems, certain medications. Understanding your risk helps prevention! <a href='/blood-pressure'>Get assessed</a>"
    },
    {
      "keywords": [
        "lower blood pressure",
        "reduce blood pressure",
        "decrease bp",
        "how to lower bp"
      ],
      "category": "blood_pressure",
      "response": "Natural ways to lower blood pressure: <strong>1. DASH diet</strong> (fruits, veggies, whole grains, low-fat dairy) <strong>2. Reduce sodium</strong> (<2,300mg/day) <strong>3. Exercise</strong> (150 min/week) <strong>4. Lose weight</strong> (5-10 lbs can help) <strong>5. Limit alcohol</strong> <strong>6. Quit smoking</strong> <strong>7. Manage stress</strong> <strong>8. Sleep well</strong> (7-9 hours). <a href='/blood-pressure'>Check your BP</a>"
    },
    {
      "keywords": [
        "blood pressure medication",
        "bp drugs",
        "hypertension medication",
        "blood pressure pills"
      ],
      "category": "blood_pressure",
      "response": "Common BP medications: <strong>Diuretics</strong> (water pills), <strong>ACE inhibitors</strong> (-pril drugs), <strong>ARBs</strong> (-sartan drugs), <strong>Calcium channel blockers</strong> (-dipine drugs), <strong>Beta blockers</strong> (-olol drugs). Each works differently. Many people need 2+ medications. Never stop medications without consulting your doctor - BP can spike dangerously! <a href='/blood-pressure'>Monitor your BP</a>"
    },
    {
      "keywords": [
        "dash diet",
        "diet for blood pressure",
        "bp diet",
        "hypertension diet"
      ],
      "category": "blood_pressure",
      "response": "The DASH (Dietary Approaches to Stop Hypertension) diet is proven to lower BP! <strong>Eat more:</strong> fruits, vegetables, whole grains, lean proteins, low-fat dairy, nuts, seeds. <strong>Eat less:</strong> sodium, red meat, sweets, sugary drinks. <strong>Key:</strong> Rich in potassium, calcium, magnesium, fiber. Can lower BP by 8-14 points! <a href='/blood-pressure'>Check your BP</a>"
    },
    {
      "keywords": [
        "salt and blood pressure",
        "sodium bp",
        "salt hypertension",
        "reduce salt"
      ],
      "category": "blood_pressure",
      "response": "Salt (sodium) is a major BP culprit! It makes your body hold water, increasing blood volume and pressure. <strong>Limit:</strong> <2,300mg/day (1 teaspoon), ideally <1,500mg if you have hypertension. <strong>Hidden salt sources:</strong> processed foods, restaurant meals, canned soups, deli meats, cheese, bread. <strong>Tip:</strong> Read labels, cook at home, use herbs/spices instead. Reducing salt can lower BP by 5-6 points!"
    },
    {
      "keywords": [
        "exercise blood pressure",
        "workout bp",
        "physical activity hypertension",
        "exercise lower bp"
      ],
      "category": "blood_pressure",
      "response": "Exercise is powerful BP medicine! Aim for <strong>150 minutes/week</strong> of moderate activity (brisk walking, swimming, cycling, dancing) or <strong>75 minutes/week</strong> vigorous activity. <strong>Benefits:</strong> lowers BP by 5-8 points, strengthens heart, aids weight loss, reduces stress. <strong>Bonus:</strong> Effects last 24 hours after exercise! Start slow, build gradually. <a href='/blood-pressure'>Check your BP</a>"
    },
    {
      "keywords": [
        "stress and blood pressure",
        "stress bp",
        "anxiety blood pressure",
        "stress hypertension"
      ],
      "category": "blood_pressure",
      "response": "Stress temporarily spikes BP and chronic stress may contribute to hypertension. When stressed, your body releases hormones that narrow blood vessels and speed up heart rate. <strong>Stress management:</strong> deep breathing, meditation, yoga, exercise, adequate sleep, social connections, therapy. Even 10 minutes daily of relaxation can help! <a href='/mental-health'>Check your mental health</a>"
    },
    {
      "keywords": [
        "alcohol and blood pressure",
        "drinking bp",
        "alcohol hypertension",
        "beer blood pressure"
      ],
      "category": "blood_pressure",
      "response": "Alcohol raises blood pressure! Heavy drinking can cause chronic hypertension. <strong>Limits:</strong> Men - 2 drinks/day max, Women - 1 drink/day max. One drink = 12oz beer, 5oz wine, or 1.5oz spirits. <strong>Effects:</strong> Alcohol adds calories (weight gain), interferes with BP medications, damages heart muscle. If you drink, do so in moderation. <a href='/blood-pressure'>Monitor your BP</a>"
    },
    {
      "keywords": [
        "smoking and blood pressure",
        "cigarettes bp",
        "smoking hypertension",
        "quit smoking bp"
      ],
      "category": "blood_pressure",
      "response": "Smoking is terrible for blood pressure! Each cigarette temporarily raises BP for minutes after smoking. Nicotine narrows blood vessels, damages artery walls, and makes heart work harder. <strong>Good news:</strong> BP starts improving within 20 minutes of quitting! After 1 year, heart disease risk drops by half. Quitting is the single best thing you can do for your heart. Get help - it works!"
    },
    {
      "keywords": [
        "weight and blood pressure",
        "obesity bp",
        "lose weight blood pressure",
        "weight loss hypertension"
      ],
      "category": "blood_pressure",
      "response": "Weight and BP are closely linked! Excess weight makes your heart work harder to pump blood. <strong>Good news:</strong> Losing just 5-10 pounds can significantly lower BP. For every 2 pounds lost, BP drops about 1 point. <strong>Best approach:</strong> Combine healthy eating with regular exercise. Even small weight loss makes a big difference! <a href='/blood-pressure'>Check your BP risk</a>"
    },
    {
      "keywords": [
        "sleep and blood pressure",
        "sleep apnea bp",
        "sleep hypertension",
        "insomnia blood pressure"
      ],
      "category": "blood_pressure",
      "response": "Poor sleep raises blood pressure! During sleep, BP normally drops 10-20% (called 'dipping'). Without quality sleep, this doesn't happen. <strong>Sleep apnea</strong> is especially dangerous - breathing pauses cause BP spikes. <strong>Sleep tips:</strong> 7-9 hours nightly, consistent schedule, dark/cool room, no screens before bed, treat sleep apnea. Good sleep = better BP control!"
    },
    {
      "keywords": [
        "caffeine and blood pressure",
        "coffee bp",
        "caffeine hypertension",
        "energy drinks blood pressure"
      ],
      "category": "blood_pressure",
      "response": "Caffeine can temporarily spike BP by 10 points, especially if you're not a regular consumer. The effect lasts 3-4 hours. <strong>Recommendations:</strong> Limit to 200-300mg/day (2-3 cups coffee), avoid energy drinks (high caffeine + sugar), monitor your response. Regular coffee drinkers may develop tolerance. If you have hypertension, discuss caffeine with your doctor. <a href='/blood-pressure'>Check your BP</a>"
    },
    {
      "keywords": [
        "potassium and blood pressure",
        "potassium bp",
        "potassium hypertension",
        "foods with potassium"
      ],
      "category": "blood_pressure",
      "response": "Potassium is BP's best friend! It helps balance sodium's effects and relaxes blood vessel walls. Aim for <strong>3,500-5,000mg/day</strong>. <strong>Best sources:</strong> bananas, sweet potatoes, spinach, avocados, beans, yogurt, salmon, oranges, tomatoes. <strong>Caution:</strong> If you have kidney disease or take certain medications, check with doctor before increasing potassium. Food sources are safest!"
    },
    {
      "keywords": [
        "magnesium and blood pressure",
        "magnesium bp",
        "magnesium hypertension",
        "magnesium supplements"
      ],
      "category": "blood_pressure",
      "response": "Magnesium helps regulate BP by relaxing blood vessels. Many people don't get enough! Aim for <strong>400-420mg/day (men), 310-320mg/day (women)</strong>. <strong>Food sources:</strong> dark leafy greens, nuts, seeds, whole grains, beans, dark chocolate, avocados. Supplements may help if deficient, but food is best. Too much can cause diarrhea. Check with doctor before supplementing."
    },
    {
      "keywords": [
        "white coat hypertension",
        "white coat syndrome",
        "doctor office blood pressure",
        "bp anxiety"
      ],
      "category": "blood_pressure",
      "response": "White coat hypertension is when BP is high at the doctor's office but normal at home, due to anxiety. It affects 15-30% of people. <strong>Solution:</strong> Home BP monitoring! Take readings at home in relaxed state. <strong>Tip:</strong> Sit quietly 5 minutes before measuring, feet flat, arm supported at heart level. Share home readings with your doctor for accurate diagnosis."
    },
    {
      "keywords": [
        "home blood pressure monitor",
        "bp monitor",
        "check blood pressure at home",
        "blood pressure machine"
      ],
      "category": "blood_pressure",
      "response": "Home BP monitoring is highly recommended! <strong>Choosing a monitor:</strong> Get automatic upper-arm cuff (most accurate), validated by medical organizations, proper cuff size. <strong>How to measure:</strong> Sit quietly 5 min, feet flat, arm supported at heart level, take 2-3 readings 1 min apart, same time daily. Track results and share with doctor. <a href='/blood-pressure'>Get assessed now</a>"
    },
    {
      "keywords": [
        "blood pressure complications",
        "hypertension complications",
        "high bp dangers",
        "untreated hypertension"
      ],
      "category": "blood_pressure",
      "response": "Untreated high BP damages your body silently: <strong>Heart attack & heart failure</strong> (heart works too hard), <strong>Stroke</strong> (damaged brain blood vessels), <strong>Kidney disease/failure</strong>, <strong>Vision loss</strong> (damaged eye blood vessels), <strong>Sexual dysfunction</strong>, <strong>Peripheral artery disease</strong>, <strong>Aneurysm</strong> (bulging blood vessel). Early treatment prevents these! <a href='/blood-pressure'>Check your BP</a>"
    },
    {
      "keywords": [
        "hypertensive crisis",
        "blood pressure emergency",
        "bp 180",
        "very high blood pressure"
      ],
      "category": "blood_pressure",
      "response": "⚠️ <strong>HYPERTENSIVE CRISIS - EMERGENCY!</strong> BP over 180/120 is dangerous. <strong>With symptoms</strong> (chest pain, shortness of breath, back pain, numbness, vision changes, difficulty speaking): <strong>CALL 911 IMMEDIATELY!</strong> <strong>Without symptoms:</strong> Rest 5 minutes, recheck. If still high, contact doctor immediately. Don't wait - this can cause stroke, heart attack, or organ damage!"
    },
    {
      "keywords": [
        "blood pressure and pregnancy",
        "preeclampsia",
        "pregnancy hypertension",
        "high bp pregnant"
      ],
      "category": "blood_pressure",
      "response": "High BP during pregnancy is serious! <strong>Types:</strong> Chronic hypertension (before pregnancy), Gestational hypertension (after 20 weeks), Preeclampsia (high BP + protein in urine - dangerous!). <strong>Risks:</strong> premature birth, low birth weight, placental abruption. <strong>Management:</strong> regular monitoring, medication if needed, early delivery if severe. Always report symptoms: severe headache, vision changes, upper abdominal pain."
    },
    {
      "keywords": [
        "blood pressure and age",
        "bp age",
        "elderly blood pressure",
        "blood pressure seniors"
      ],
      "category": "blood_pressure",
      "response": "BP tends to rise with age as arteries stiffen. <strong>Age-related changes:</strong> Systolic BP increases more than diastolic (common to see 140/70 in elderly). <strong>Targets:</strong> Generally <130/80 for most adults, but may be individualized for elderly based on health status. <strong>Challenges:</strong> Multiple medications, fall risk from low BP, cognitive issues. Regular monitoring is crucial at any age!"
    },
    {
      "keywords": [
        "blood pressure and diabetes",
        "bp diabetes",
        "hypertension diabetes",
        "diabetes high blood pressure"
      ],
      "category": "blood_pressure",
      "response": "Diabetes and high BP often occur together - a dangerous combination! Both damage blood vessels, multiplying risk of heart disease, stroke, kidney disease. <strong>Target BP with diabetes:</strong> <130/80. <strong>Management:</strong> Control both conditions, DASH diet, exercise, weight loss, medications as needed, regular monitoring. Having both requires extra vigilance! <a href='/predictdata'>Check diabetes risk</a> | <a href='/blood-pressure'>Check BP</a>"
    },
    {
      "keywords": [
        "blood pressure and kidney",
        "bp kidney disease",
        "hypertension kidney",
        "renal hypertension"
      ],
      "category": "blood_pressure",
      "response": "High BP and kidney disease create a vicious cycle - each worsens the other. High BP damages kidney blood vessels, reducing their ability to filter waste. Damaged kidneys can't regulate BP properly. <strong>Prevention:</strong> Control BP (<130/80 target), manage diabetes, limit salt, stay hydrated, avoid NSAIDs (ibuprofen, etc.), regular kidney function tests. Protect your kidneys!"
    },
    {
      "keywords": [
        "blood pressure and heart",
        "bp heart disease",
        "hypertension heart",
        "cardiovascular blood pressure"
      ],
      "category": "blood_pressure",
      "response": "High BP is the #1 risk factor for heart disease! It forces your heart to work harder, thickening heart muscle (left ventricular hypertrophy), damaging arteries, and increasing heart attack/heart failure risk. <strong>Protection:</strong> Control BP, manage cholesterol, don't smoke, exercise, healthy diet, maintain healthy weight. Your heart will thank you! <a href='/blood-pressure'>Check your BP</a>"
    },
    {
      "keywords": [
        "blood pressure and stroke",
        "bp stroke",
        "hypertension stroke",
        "stroke prevention"
      ],
      "category": "blood_pressure",
      "response": "High BP is the leading cause of stroke! It damages and weakens blood vessels in the brain, causing them to burst (hemorrhagic stroke) or get blocked (ischemic stroke). <strong>Stroke signs (FAST):</strong> Face drooping, Arm weakness, Speech difficulty, Time to call 911! <strong>Prevention:</strong> Control BP, don't smoke, manage diabetes, exercise, healthy diet. Lowering BP reduces stroke risk by 40%!"
    },
    {
      "keywords": [
        "i have high blood pressure",
        "i have high bp",
        "my blood pressure is high",
        "diagnosed with hypertension"
      ],
      "category": "blood_pressure",
      "response": "⚠️ <strong>High Blood Pressure - Take Action</strong><br><br><strong>Please consult a doctor for proper treatment!</strong> High BP needs professional medical attention. You can also check with our <strong>Smart AI Assessment</strong>:<br><a href='/blood-pressure'>🤖 Take AI Blood Pressure Assessment</a><br><br>Our AI provides BP classification, risk level analysis, and personalized lifestyle recommendations. Remember: AI complements but doesn't replace medical care!"
    },
    {
      "keywords": [
        "what is depression",
        "define depression",
        "depression meaning",
        "tell me about depression"
      ],
      "category": "mental_health",
      "response": "Depression is more than just feeling sad - it's a serious medical condition affecting how you feel, think, and handle daily activities. It involves persistent feelings of sadness, hopelessness, and loss of interest in things you once enjoyed. Depression is NOT a weakness or character flaw - it's a treatable illness caused by brain chemistry, genetics, and life events. <a href='/mental-health'>Take our screening</a> 💙"
    },
    {
      "keywords": [
        "what is anxiety",
        "define anxiety",
        "anxiety meaning",
        "tell me about anxiety"
      ],
      "category": "mental_health",
      "response": "Anxiety is your body's natural response to stress - that feeling of fear or worry about what's to come. While everyone feels anxious sometimes, anxiety disorders involve excessive, persistent worry that interferes with daily life. Physical symptoms include rapid heartbeat, sweating, trembling, and difficulty concentrating. It's highly treatable through therapy, medication, and lifestyle changes. <a href='/mental-health'>Get assessed</a>"
    },
    {
      "keywords": [
        "depression symptoms",
        "signs of depression",
        "how do i know if depressed",
        "am i depressed"
      ],
      "category": "mental_health",
      "response": "Common depression symptoms: <strong>Emotional:</strong> persistent sadness, hopelessness, emptiness, irritability, loss of interest in activities. <strong>Physical:</strong> fatigue, sleep changes (too much/too little), appetite changes, aches/pains. <strong>Cognitive:</strong> difficulty concentrating, negative thoughts, thoughts of death/suicide. If you have 5+ symptoms for 2+ weeks, seek help. <a href='/mental-health'>Take our PHQ-9 screening</a> 💙"
    },
    {
      "keywords": [
        "anxiety symptoms",
        "signs of anxiety",
        "how do i know if anxious",
        "am i anxious"
      ],
      "category": "mental_health",
      "response": "Anxiety symptoms: <strong>Emotional:</strong> excessive worry, restlessness, feeling on edge, irritability, sense of impending doom. <strong>Physical:</strong> rapid heartbeat, sweating, trembling, shortness of breath, dizziness, stomach problems, muscle tension. <strong>Behavioral:</strong> avoiding situations, difficulty sleeping, trouble concentrating. If anxiety interferes with daily life, seek help. <a href='/mental-health'>Get screened</a>"
    },
    {
      "keywords": [
        "i m in depression",
        "i m depressed",
        "i have depression",
        "feeling depressed"
      ],
      "category": "mental_health",
      "response": "I'm sorry you're experiencing depression. Your feelings are valid, and reaching out is a brave first step. 💙<br><br>I recommend taking our <strong>Mental Health Screening</strong>:<br><a href='/mental-health'>🤖 Take AI Assessment</a><br><br>You'll get: depression/anxiety evaluation, risk level assessment, personalized coping strategies, professional help recommendations.<br><br><strong>Remember:</strong> Depression is treatable, you're not alone, seeking help is strength, you deserve support. Better days are ahead! 🌟"
    },
    {
      "keywords": [
        "i have anxiety",
        "i m anxious",
        "feeling anxious",
        "anxiety attack"
      ],
      "category": "mental_health",
      "response": "I understand you're feeling anxious. Anxiety can be overwhelming, but it's manageable. 💙<br><br>Take our <strong>Mental Health Screening</strong>:<br><a href='/mental-health'>🤖 Get Assessed</a><br><br><strong>Quick anxiety relief:</strong> Deep breathing (4-7-8 technique), ground yourself (5-4-3-2-1 senses), progressive muscle relaxation, go for a walk, talk to someone. <strong>Long-term:</strong> therapy, medication if needed, regular exercise, adequate sleep, limit caffeine. You've got this! 🌟"
    },
    {
      "keywords": [
        "suicide",
        "suicidal thoughts",
        "want to die",
        "end my life",
        "kill myself"
      ],
      "category": "mental_health",
      "response": "🆘 <strong>CRISIS SUPPORT - YOU'RE NOT ALONE</strong><br><br><strong>IMMEDIATE HELP:</strong><br>• <strong>Call 988</strong> - National Suicide Prevention Lifeline (24/7)<br>• <strong>Text HOME to 741741</strong> - Crisis Text Line<br>• <strong>Call 911</strong> if in immediate danger<br><br>Your life matters. These feelings are temporary, even though they don't feel that way now. Please reach out - trained counselors are waiting to help you through this. 💙<br><br>After crisis passes: <a href='/mental-health'>Take our assessment</a>"
    },
    {
      "keywords": [
        "panic attack",
        "panic disorder",
        "having panic attack",
        "panic symptoms"
      ],
      "category": "mental_health",
      "response": "Panic attacks are sudden episodes of intense fear with physical symptoms: racing heart, sweating, trembling, shortness of breath, chest pain, dizziness, feeling of losing control or dying. They peak within 10 minutes. <strong>During attack:</strong> Remember it will pass, breathe slowly, ground yourself, don't fight it. <strong>Treatment:</strong> Therapy (especially CBT), medication, lifestyle changes. <a href='/mental-health'>Get assessed</a>"
    },
    {
      "keywords": [
        "stress",
        "stressed out",
        "too much stress",
        "stress management"
      ],
      "category": "mental_health",
      "response": "Stress is your body's response to challenges or demands. While some stress is normal, chronic stress harms physical and mental health. <strong>Stress management:</strong> Exercise regularly, practice relaxation (meditation, yoga, deep breathing), get adequate sleep, eat healthy, connect with others, set boundaries, take breaks, seek therapy if needed. <a href='/mental-health'>Check your mental health</a>"
    },
    {
      "keywords": [
        "therapy",
        "counseling",
        "psychotherapy",
        "talk therapy",
        "should i see therapist"
      ],
      "category": "mental_health",
      "response": "Therapy is talking with a trained professional to understand and manage mental health challenges. <strong>Types:</strong> CBT (Cognitive Behavioral Therapy), DBT, psychodynamic, group therapy. <strong>Benefits:</strong> Learn coping skills, process emotions, change negative patterns, improve relationships. <strong>When to seek:</strong> Persistent sadness/anxiety, life changes, trauma, relationship issues. Therapy is for everyone, not just 'serious' problems!"
    },
    {
      "keywords": [
        "medication for depression",
        "antidepressants",
        "depression pills",
        "mental health medication"
      ],
      "category": "mental_health",
      "response": "Antidepressants help correct brain chemistry imbalances. <strong>Types:</strong> SSRIs (most common - Prozac, Zoloft), SNRIs, tricyclics, MAOIs. <strong>Important:</strong> Takes 4-6 weeks to work fully, don't stop suddenly, side effects usually improve, often combined with therapy for best results. Not addictive. Work with doctor to find right medication. Medication + therapy is most effective treatment!"
    },
    {
      "keywords": [
        "anxiety medication",
        "anti anxiety",
        "anxiety pills",
        "xanax",
        "benzodiazepines"
      ],
      "category": "mental_health",
      "response": "Anxiety medications: <strong>SSRIs/SNRIs</strong> (long-term, first-line treatment), <strong>Benzodiazepines</strong> (Xanax, Ativan - short-term only, addictive), <strong>Buspirone</strong> (non-addictive), <strong>Beta-blockers</strong> (for physical symptoms). <strong>Best approach:</strong> Medication + therapy. Never stop suddenly. Benzodiazepines should be used cautiously due to dependence risk. Discuss options with doctor."
    },
    {
      "keywords": [
        "mental health stigma",
        "ashamed mental illness",
        "embarrassed depression",
        "mental health shame"
      ],
      "category": "mental_health",
      "response": "Mental health stigma is real but WRONG. Mental illness is NOT a weakness, character flaw, or something to be ashamed of - it's a medical condition like diabetes or heart disease. <strong>Truth:</strong> 1 in 5 adults experience mental illness, it's caused by biology/genetics/environment, treatment works, seeking help is brave. You deserve care without judgment. <a href='/mental-health'>Get help</a> 💙"
    },
    {
      "keywords": [
        "self care",
        "self care mental health",
        "take care of myself",
        "self care tips"
      ],
      "category": "mental_health",
      "response": "Self-care is essential for mental health! <strong>Physical:</strong> Exercise, sleep 7-9 hours, eat nutritious meals, stay hydrated. <strong>Emotional:</strong> Set boundaries, say no, practice self-compassion, journal. <strong>Social:</strong> Connect with loved ones, join groups, limit toxic relationships. <strong>Mental:</strong> Meditation, hobbies, limit news/social media, therapy. <strong>Spiritual:</strong> Nature, gratitude, purpose. Self-care isn't selfish - it's necessary!"
    },
    {
      "keywords": [
        "meditation",
        "mindfulness",
        "meditation for anxiety",
        "how to meditate"
      ],
      "category": "mental_health",
      "response": "Meditation is training your mind to focus and redirect thoughts. <strong>Benefits:</strong> Reduces stress/anxiety, improves focus, enhances self-awareness, promotes emotional health. <strong>How to start:</strong> Find quiet space, sit comfortably, focus on breath, when mind wanders (it will!), gently return to breath. Start with 5 minutes daily. <strong>Apps:</strong> Headspace, Calm, Insight Timer. Consistency matters more than duration!"
    },
    {
      "keywords": [
        "exercise mental health",
        "workout depression",
        "exercise anxiety",
        "physical activity mental health"
      ],
      "category": "mental_health",
      "response": "Exercise is powerful for mental health! It releases endorphins (natural mood boosters), reduces stress hormones, improves sleep, boosts self-esteem, provides distraction from worries. <strong>Recommendation:</strong> 30 minutes moderate activity most days. <strong>Best for mental health:</strong> Walking, running, yoga, swimming, dancing, team sports. Even 10 minutes helps! Exercise can be as effective as medication for mild-moderate depression."
    },
    {
      "keywords": [
        "sleep and mental health",
        "insomnia depression",
        "sleep anxiety",
        "can't sleep"
      ],
      "category": "mental_health",
      "response": "Sleep and mental health are deeply connected. Poor sleep worsens depression/anxiety, while mental health issues disrupt sleep - a vicious cycle. <strong>Sleep hygiene:</strong> Consistent schedule, 7-9 hours, dark/cool room, no screens 1 hour before bed, avoid caffeine after 2pm, relaxing bedtime routine, exercise (but not before bed), manage worries (journal, meditation). If insomnia persists, see doctor."
    },
    {
      "keywords": [
        "diet mental health",
        "food mood",
        "nutrition depression",
        "eating mental health"
      ],
      "category": "mental_health",
      "response": "What you eat affects how you feel! <strong>Brain-boosting foods:</strong> Fatty fish (omega-3s), leafy greens, berries, nuts, whole grains, fermented foods (gut-brain connection), dark chocolate. <strong>Avoid:</strong> Excess sugar, processed foods, alcohol. <strong>Nutrients for mental health:</strong> Omega-3s, B vitamins, vitamin D, magnesium, zinc. Eat regular meals, stay hydrated. Mediterranean diet is linked to lower depression rates!"
    },
    {
      "keywords": [
        "social support",
        "loneliness",
        "feeling alone",
        "no friends",
        "isolated"
      ],
      "category": "mental_health",
      "response": "Social connection is vital for mental health! Loneliness increases depression/anxiety risk as much as smoking 15 cigarettes/day. <strong>Build connections:</strong> Reach out to old friends, join clubs/groups, volunteer, take classes, use meetup apps, talk to neighbors, get a pet, see therapist. <strong>Quality over quantity</strong> - one close friend is better than many superficial connections. You're not alone in feeling alone. 💙"
    },
    {
      "keywords": [
        "work stress",
        "job stress",
        "burnout",
        "workplace mental health",
        "stressed at work"
      ],
      "category": "mental_health",
      "response": "Work stress is common but manageable! <strong>Signs of burnout:</strong> Exhaustion, cynicism, reduced performance, physical symptoms. <strong>Coping strategies:</strong> Set boundaries (no work emails after hours), take breaks, use vacation time, talk to supervisor about workload, practice stress management, separate work/personal life, consider job change if toxic. Your mental health is more important than any job!"
    },
    {
      "keywords": [
        "relationship problems",
        "relationship stress",
        "toxic relationship",
        "relationship anxiety"
      ],
      "category": "mental_health",
      "response": "Relationships significantly impact mental health. <strong>Healthy relationships:</strong> Mutual respect, trust, communication, support, boundaries. <strong>Toxic signs:</strong> Constant criticism, control, manipulation, walking on eggshells, isolation from others. <strong>Improve relationships:</strong> Communicate openly, listen actively, show appreciation, spend quality time, seek couples therapy. <strong>Know when to leave:</strong> Abuse (physical/emotional), repeated betrayal, incompatible values. You deserve healthy relationships!"
    },
    {
      "keywords": [
        "trauma",
        "ptsd",
        "traumatic event",
        "post traumatic stress"
      ],
      "category": "mental_health",
      "response": "Trauma is an emotional response to a terrible event (accident, assault, disaster, loss). PTSD (Post-Traumatic Stress Disorder) can develop after trauma. <strong>Symptoms:</strong> Flashbacks, nightmares, severe anxiety, avoiding reminders, negative thoughts, hypervigilance. <strong>Treatment:</strong> Trauma-focused therapy (EMDR, CPT), medication, support groups. Healing is possible! Don't suffer in silence - specialized trauma therapy is highly effective."
    },
    {
      "keywords": [
        "grief",
        "grieving",
        "loss",
        "bereavement",
        "mourning"
      ],
      "category": "mental_health",
      "response": "Grief is the natural response to loss (death, relationship end, job loss, health). <strong>Stages:</strong> Denial, anger, bargaining, depression, acceptance (not linear!). <strong>Healthy grieving:</strong> Allow yourself to feel, talk about it, maintain routines, take care of yourself, connect with others, be patient. <strong>Seek help if:</strong> Grief doesn't improve over time, interferes with daily life, thoughts of suicide. Grief counseling helps!"
    },
    {
      "keywords": [
        "bipolar disorder",
        "bipolar",
        "manic depression",
        "mood swings"
      ],
      "category": "mental_health",
      "response": "Bipolar disorder involves extreme mood swings: <strong>Manic episodes</strong> (elevated mood, increased energy, impulsive behavior, decreased sleep need) and <strong>Depressive episodes</strong> (similar to major depression). It's a lifelong condition requiring treatment. <strong>Management:</strong> Mood stabilizers, therapy, routine sleep schedule, avoid drugs/alcohol, stress management, support system. With treatment, people with bipolar live full, productive lives!"
    },
    {
      "keywords": [
        "ocd",
        "obsessive compulsive",
        "obsessions",
        "compulsions"
      ],
      "category": "mental_health",
      "response": "OCD (Obsessive-Compulsive Disorder) involves unwanted, intrusive thoughts (obsessions) and repetitive behaviors (compulsions) done to reduce anxiety. Common themes: contamination, harm, symmetry, forbidden thoughts. <strong>Treatment:</strong> ERP (Exposure and Response Prevention) therapy - highly effective!, medication (SSRIs), mindfulness. OCD is NOT about being neat or organized - it's a serious anxiety disorder. Treatment works!"
    },
    {
      "keywords": [
        "eating disorder",
        "anorexia",
        "bulimia",
        "binge eating",
        "eating problems"
      ],
      "category": "mental_health",
      "response": "Eating disorders are serious mental illnesses involving disturbed eating behaviors and body image. <strong>Types:</strong> Anorexia (restriction), Bulimia (binge/purge), Binge Eating Disorder, ARFID. <strong>Warning signs:</strong> Extreme weight changes, preoccupation with food/weight, avoiding meals, excessive exercise, purging. <strong>Treatment:</strong> Therapy, nutritional counseling, medical monitoring, sometimes medication. Early intervention is crucial - eating disorders have highest mortality rate of any mental illness."
    },
    {
      "keywords": [
        "adhd",
        "attention deficit",
        "add",
        "can't focus",
        "hyperactive"
      ],
      "category": "mental_health",
      "response": "ADHD (Attention-Deficit/Hyperactivity Disorder) affects focus, impulse control, and activity level. <strong>Symptoms:</strong> Inattention (difficulty focusing, forgetfulness, disorganization), Hyperactivity (restlessness, excessive talking), Impulsivity (interrupting, impatience). <strong>Treatment:</strong> Medication (stimulants, non-stimulants), therapy, organizational strategies, exercise, adequate sleep. ADHD is real, not laziness or lack of discipline. Treatment dramatically improves quality of life!"
    },
    {
      "keywords": [
        "seasonal depression",
        "sad",
        "winter depression",
        "seasonal affective disorder"
      ],
      "category": "mental_health",
      "response": "SAD (Seasonal Affective Disorder) is depression that occurs at the same time each year, usually winter. <strong>Cause:</strong> Reduced sunlight affects brain chemistry (serotonin, melatonin). <strong>Symptoms:</strong> Depression, low energy, oversleeping, weight gain, social withdrawal. <strong>Treatment:</strong> Light therapy (10,000 lux box, 20-30 min/morning), vitamin D, exercise, therapy, medication. Get outside during daylight hours!"
    },
    {
      "keywords": [
        "postpartum depression",
        "ppd",
        "depression after baby",
        "new mom depression"
      ],
      "category": "mental_health",
      "response": "Postpartum depression affects 1 in 7 new mothers. It's NOT the 'baby blues' (which resolve in 2 weeks). <strong>Symptoms:</strong> Severe depression, anxiety, difficulty bonding with baby, thoughts of harming self/baby, feeling inadequate. <strong>Causes:</strong> Hormonal changes, sleep deprivation, stress. <strong>Treatment:</strong> Therapy, medication (safe while breastfeeding), support groups, practical help. This is NOT your fault - it's a medical condition. Seek help immediately!"
    },
    {
      "keywords": [
        "am i bad",
        "i am bad",
        "i m bad",
        "worthless",
        "am i worthless"
      ],
      "category": "mental_health",
      "response": "<strong>No, you are NOT bad or worthless.</strong> These thoughts are symptoms of depression/low self-esteem, not truth. Everyone has value and deserves compassion - including you! 💙<br><br>Take our <strong>Mental Health Screening</strong>:<br><a href='/mental-health'>🤖 Get Assessed</a><br><br><strong>Remember:</strong> You ARE worthy of love, you ARE going through a tough time (it will pass), seeking help is STRENGTH, you deserve support and happiness. You're not alone. Better days are ahead! 🌟"
    },
    {
      "keywords": [
        "nobody likes me",
        "no one cares",
        "people hate me",
        "not accepted",
        "rejected"
      ],
      "category": "mental_health",
      "response": "I hear your pain. Feeling rejected or unliked is incredibly difficult. 💙 Often, depression/anxiety distort our perception - we think others dislike us when they don't. <strong>Reality check:</strong> Are there people who care? Even one? <strong>Action steps:</strong> Reach out to someone, join groups with shared interests, volunteer, work on social skills, see therapist. <a href='/mental-health'>Take our assessment</a>. You deserve connection and belonging!"
    },
    {
      "keywords": [
        "nothing is working",
        "nothing helps",
        "tried everything",
        "treatment not working"
      ],
      "category": "mental_health",
      "response": "I'm sorry you're struggling. It's frustrating when treatments don't seem to work. 💙 <strong>Important:</strong> Finding the right treatment takes time - average person tries 2-3 medications/therapists before finding what works. <strong>Options:</strong> Try different medication, switch therapists, add therapy to medication (or vice versa), try TMS/ECT for resistant depression, address underlying issues (trauma, relationships, medical conditions). Don't give up - there IS hope!"
    },
    {
      "keywords": [
        "mental health emergency",
        "crisis",
        "mental breakdown",
        "can't cope"
      ],
      "category": "mental_health",
      "response": "🆘 <strong>MENTAL HEALTH CRISIS - GET HELP NOW</strong><br><br><strong>IMMEDIATE RESOURCES:</strong><br>• <strong>988</strong> - Suicide & Crisis Lifeline (24/7)<br>• <strong>Text HOME to 741741</strong> - Crisis Text Line<br>• <strong>911</strong> - If in immediate danger<br>• <strong>Go to ER</strong> - For psychiatric emergency<br><br>You don't have to face this alone. Crisis counselors are trained to help. This feeling will pass. 💙<br><br>After crisis: <a href='/mental-health'>Take our assessment</a>"
    },
    {
      "keywords": [
        "mental health resources",
        "where to get help",
        "find therapist",
        "mental health services"
      ],
      "category": "mental_health",
      "response": "<strong>Mental Health Resources:</strong><br><br><strong>Find Therapist:</strong> Psychology Today directory, insurance provider list, Open Path Collective (low-cost), BetterHelp/Talkspace (online)<br><br><strong>Crisis:</strong> 988 Lifeline, Crisis Text Line (741741)<br><br><strong>Support:</strong> NAMI, Mental Health America, support groups<br><br><strong>Apps:</strong> Headspace, Calm, Sanvello<br><br>Start here: <a href='/mental-health'>Take our screening</a> 💙"
    },
    {
      "keywords": [
        "hello",
        "hi",
        "hey",
        "greetings",
        "good morning",
        "good afternoon"
      ],
      "category": "greeting",
      "response": "Hello! 👋 Welcome to GlyxEra - your health companion! I can help you with questions about diabetes, blood pressure, mental health, and our AI assessments. What would you like to know today?"
    },
    {
      "keywords": [
        "thank",
        "thanks",
        "thank you",
        "appreciate"
      ],
      "category": "greeting",
      "response": "You're very welcome! 😊 I'm here anytime you need health information or support. Take care of yourself, and don't hesitate to reach out. Stay healthy! 💙"
    },
    {
      "keywords": [
        "help",
        "what can you do",
        "how can you help",
        "what do you know"
      ],
      "category": "navigation",
      "response": "I'm here to help with:<br>• <strong>Health Questions:</strong> Diabetes, blood pressure, mental health<br>• <strong>AI Assessments:</strong> Get personalized health evaluations<br>• <strong>Lifestyle Tips:</strong> Diet, exercise, stress management<br>• <strong>Understanding Results:</strong> Interpret your assessment results<br><br>Try asking: 'diabetes symptoms' or 'how to lower blood pressure' or <a href='/health-assessment'>take an assessment</a>!"
    },
    {
      "keywords": [
        "assessments",
        "tests",
        "check my health",
        "health screening",
        "evaluate"
      ],
      "category": "navigation",
      "response": "We offer 3 FREE AI-powered health assessments:<br><br>🩺 <a href='/predictdata'><strong>Diabetes Prediction</strong></a> - 1 minute<br>💓 <a href='/blood-pressure'><strong>Blood Pressure Check</strong></a> - 30 seconds<br>🧠 <a href='/mental-health'><strong>Mental Health Screening</strong></a> - 1.45 minutes<br><br>All assessments are confidential and provide instant results with personalized recommendations!"
    },
    {
      "keywords": [
        "history",
        "my results",
        "past assessments",
        "previous tests",
        "assessment history"
      ],
      "category": "navigation",
      "response": "You can view all your past assessments and track your health progress! <a href='/assessment-history'>View Assessment History</a><br><br>Your history includes: all test results, risk levels, dates, and trends over time. Regular monitoring helps you stay on top of your health! 📊"
    },
    {
      "keywords": [
        "i m mentally disturb",
        "i am mentally disturb",
        "mentally disturb",
        "mentally disturbed",
        "i m mentally disturbed",
        "i am mentally disturbed",
        "mental disturbance",
        "mentally not well",
        "mentally unwell",
        "mental problem",
        "i have mental problem",
        "mentally sick",
        "mentally ill",
        "not feeling mentally good",
        "mentally exhausted",
        "mentally tired",
        "mentally drained",
        "mental breakdown",
        "losing my mind",
        "going crazy",
        "can't think straight",
        "mind is not working",
        "mentally stressed",
        "mentally weak"
      ],
      "category": "mental_health",
      "response": "💙 <strong>I'm here for you. Your feelings are valid, and reaching out shows strength.</strong><br><br>It sounds like you're going through a difficult time mentally. Please know that you're not alone, and help is available.<br><br><strong>Take our Mental Health Assessment:</strong><br><a href='/mental-health'>🧠 Start Mental Health Screening</a><br><br>This assessment will help evaluate your mental well-being and provide:<br>• Depression & anxiety screening<br>• Risk level assessment<br>• Personalized coping strategies<br>• Professional help recommendations<br><br><strong>Immediate Support:</strong><br>• <strong>Crisis Lifeline: 988</strong> (24/7)<br>• <strong>Crisis Text: 741741</strong><br><br><strong>Remember:</strong> Mental health struggles are temporary, you deserve support and care, seeking help is brave, better days are ahead! 🌟"
    },
    {
      "keywords": [
        "check my diabetes",
        "test my diabetes",
        "diabetes test",
        "diabetes check",
        "diabetes assessment",
        "diabetes screening",
        "do i have diabetes",
        "am i diabetic",
        "diabetes evaluation",
        "check for diabetes",
        "test for diabetes",
        "diabetes checkup"
      ],
      "category": "diabetes",
      "response": "Ready to check your diabetes risk? Our AI-powered assessment analyzes your health parameters in just 1 minute!<br><br><a href='/predictdata'>🩺 Take Diabetes Assessment Now</a><br><br><strong>What you'll get:</strong><br>• Instant diabetes risk prediction<br>• Personalized risk level analysis<br>• Dietary recommendations<br>• Lifestyle modification tips<br>• Exercise guidance<br><br>It's quick, confidential, and provides actionable insights to protect your health!"
    },
    {
      "keywords": [
        "check my blood pressure",
        "check my bp",
        "test my blood pressure",
        "test my bp",
        "blood pressure test",
        "blood pressure check",
        "bp test",
        "bp check",
        "blood pressure assessment",
        "bp assessment",
        "blood pressure screening",
        "bp screening",
        "do i have high blood pressure",
        "do i have high bp",
        "blood pressure evaluation",
        "bp evaluation",
        "check for high blood pressure",
        "check for high bp",
        "blood pressure checkup",
        "bp checkup"
      ],
      "category": "blood_pressure",
      "response": "Ready to check your blood pressure? Our AI assessment evaluates your BP risk in just 30 seconds!<br><br><a href='/blood-pressure'>💓 Take Blood Pressure Assessment Now</a><br><br><strong>What you'll get:</strong><br>• BP classification (Normal/Elevated/Hypertension)<br>• Risk level analysis<br>• Personalized lifestyle recommendations<br>• DASH diet guidance<br>• Exercise tips<br><br>Quick, confidential, and provides instant results with actionable health insights!"
    },
    {
      "keywords": [
        "check my mental health",
        "test my mental health",
        "mental health test",
        "mental health check",
        "mental health assessment",
        "mental health screening",
        "mental health evaluation",
        "check for depression",
        "check for anxiety",
        "test for depression",
        "test for anxiety",
        "depression test",
        "anxiety test",
        "depression screening",
        "anxiety screening",
        "mental health checkup",
        "am i depressed test",
        "am i anxious test"
      ],
      "category": "mental_health",
      "response": "Ready to check your mental health? Our confidential PHQ-9 screening takes just 1 minute 45 seconds!<br><br><a href='/mental-health'>🧠 Take Mental Health Screening Now</a><br><br><strong>What you'll get:</strong><br>• Depression & anxiety evaluation<br>• Risk level assessment<br>• Personalized coping strategies<br>• Professional help recommendations<br>• Lifestyle management tips<br><br>Confidential, scientifically-validated, and provides instant results. Taking care of your mental health is just as important as physical health! 💙"
    },
    {
      "keywords": [
        "i m mentally disturb",
        "i am mentally disturb",
        "mentally disturb",
        "mentally disturbed",
        "i m mentally disturbed",
        "i am mentally disturbed",
        "mental disturbance",
        "mentally not well",
        "mentally unwell",
        "mental problem",
        "i have mental problem",
        "mentally sick",
        "mentally ill",
        "not feeling mentally good",
        "mentally exhausted",
        "mentally tired",
        "mentally drained",
        "mental breakdown",
        "losing my mind",
        "going crazy",
        "can't think straight",
        "mind is not working",
        "mentally stressed",
        "mentally weak"
      ],
      "category": "mental_health",
      "response": "💙 <strong>I'm here for you. Your feelings are valid, and reaching out shows strength.</strong><br><br>It sounds like you're going through a difficult time mentally. Please know that you're not alone, and help is available.<br><br><strong>Take our Mental Health Assessment:</strong><br><a href='/mental-health'>🧠 Start Mental Health Screening</a><br><br>This assessment will help evaluate your mental well-being and provide:<br>• Depression & anxiety screening<br>• Risk level assessment<br>• Personalized coping strategies<br>• Professional help recommendations<br><br><strong>Immediate Support:</strong><br>• <strong>Crisis Lifeline: 988</strong> (24/7)<br>• <strong>Crisis Text: 741741</strong><br><br><strong>Remember:</strong> Mental health struggles are temporary, you deserve support and care, seeking help is brave, better days are ahead! 🌟"
    },
    {
      "keywords": [
        "check my diabetes",
        "test my diabetes",
        "diabetes test",
        "diabetes check",
        "diabetes assessment",
        "diabetes screening",
        "do i have diabetes",
        "am i diabetic",
        "diabetes evaluation",
        "check for diabetes",
        "test for diabetes",
        "diabetes checkup"
      ],
      "category": "diabetes",
      "response": "Ready to check your diabetes risk? Our AI-powered assessment analyzes your health parameters in just 1 minute!<br><br><a href='/predictdata'>🩺 Take Diabetes Assessment Now</a><br><br><strong>What you'll get:</strong><br>• Instant diabetes risk prediction<br>• Personalized risk level analysis<br>• Dietary recommendations<br>• Lifestyle modification tips<br>• Exercise guidance<br><br>It's quick, confidential, and provides actionable insights to protect your health!"
    },
    {
      "keywords": [
        "check my blood pressure",
        "check my bp",
        "test my blood pressure",
        "test my bp",
        "blood pressure test",
        "blood pressure check",
        "bp test",
        "bp check",
        "blood pressure assessment",
        "bp assessment",
        "blood pressure screening",
        "bp screening",
        "do i have high blood pressure",
        "do i have high bp",
        "blood pressure evaluation",
        "bp evaluation",
        "check for high blood pressure",
        "check for high bp",
        "blood pressure checkup",
        "bp checkup"
      ],
      "category": "blood_pressure",
      "response": "Ready to check your blood pressure? Our AI assessment evaluates your BP risk in just 30 seconds!<br><br><a href='/blood-pressure'>💓 Take Blood Pressure Assessment Now</a><br><br><strong>What you'll get:</strong><br>• BP classification (Normal/Elevated/Hypertension)<br>• Risk level analysis<br>• Personalized lifestyle recommendations<br>• DASH diet guidance<br>• Exercise tips<br><br>Quick, confidential, and provides instant results with actionable health insights!"
    },
    {
      "keywords": [
        "check my mental health",
        "test my mental health",
        "mental health test",
        "mental health check",
        "mental health assessment",
        "mental health screening",
        "mental health evaluation",
        "check for depression",
        "check for anxiety",
        "test for depression",
        "test for anxiety",
        "depression test",
        "anxiety test",
        "depression screening",
        "anxiety screening",
        "mental health checkup",
        "am i depressed test",
        "am i anxious test"
      ],
      "category": "mental_health",
      "response": "Ready to check your mental health? Our confidential PHQ-9 screening takes just 1 minute 45 seconds!<br><br><a href='/mental-health'>🧠 Take Mental Health Screening Now</a><br><br><strong>What you'll get:</strong><br>• Depression & anxiety evaluation<br>• Risk level assessment<br>• Personalized coping strategies<br>• Professional help recommendations<br>• Lifestyle management tips<br><br>Confidential, scientifically-validated, and provides instant results. Taking care of your mental health is just as important as physical health! 💙"
    }
  ]
}