{
  "health_topics": [
    {
      "keywords": ["what is diabetes", "define diabetes", "diabetes meaning", "tell me about diabetes"],
      "category": "diabetes",
      "response": "Diabetes is a chronic condition where your body can't properly regulate blood sugar (glucose). Think of insulin as a key that unlocks cells to let glucose in for energy. In diabetes, either your body doesn't make enough insulin (Type 1) or can't use it effectively (Type 2). This causes sugar to build up in your blood instead of fueling your cells. Want to check your risk? <a href='/predictdata'>Take our AI Assessment</a>"
    },
    {
      "keywords": ["type 1 diabetes", "type 1", "juvenile diabetes", "insulin dependent diabetes"],
      "category": "diabetes",
      "response": "Type 1 diabetes is an autoimmune condition where your immune system attacks insulin-producing cells in your pancreas. It usually develops in childhood or young adulthood, though it can occur at any age. People with Type 1 need daily insulin injections to survive. It's not caused by lifestyle factors and can't be prevented. If you're concerned about diabetes risk, <a href='/predictdata'>take our assessment</a>."
    },
    {
      "keywords": ["type 2 diabetes", "type 2", "adult onset diabetes", "lifestyle diabetes"],
      "category": "diabetes",
      "response": "Type 2 diabetes is the most common form, affecting about 90-95% of people with diabetes. Your body becomes resistant to insulin or doesn't produce enough. It's strongly linked to lifestyle factors like obesity, inactivity, and poor diet. The good news? Type 2 can often be prevented or managed through healthy lifestyle changes. Check your risk now: <a href='/predictdata'>AI Diabetes Assessment</a>"
    },
    {
      "keywords": ["prediabetes", "pre diabetes", "borderline diabetes", "am i prediabetic"],
      "category": "diabetes",
      "response": "Prediabetes means your blood sugar is higher than normal but not high enough to be diagnosed as diabetes. Think of it as a warning sign - you're at the crossroads. The great news? This is reversible! With lifestyle changes like losing 5-7% of body weight, exercising 30 minutes daily, and eating healthier, you can prevent or delay Type 2 diabetes. <a href='/predictdata'>Check your risk level</a>"
    },
    {
      "keywords": ["diabetes symptoms", "signs of diabetes", "how do i know if i have diabetes", "diabetes warning signs"],
      "category": "diabetes",
      "response": "Common diabetes symptoms include: frequent urination (especially at night), excessive thirst, unexplained weight loss, extreme hunger, blurred vision, slow-healing cuts or bruises, tingling in hands/feet, and constant fatigue. Some people have no symptoms at all! That's why screening is important. <a href='/predictdata'>Get assessed now</a> - it takes just 1 minute."
    },
    {
      "keywords": ["normal blood sugar", "blood sugar levels", "glucose levels", "what should my blood sugar be"],
      "category": "diabetes",
      "response": "Normal blood sugar levels: <strong>Fasting (8+ hours):</strong> 70-99 mg/dL | <strong>Before meals:</strong> 70-130 mg/dL | <strong>2 hours after meals:</strong> Less than 140 mg/dL | <strong>Prediabetes:</strong> 100-125 mg/dL fasting | <strong>Diabetes:</strong> 126+ mg/dL fasting. Want to know your diabetes risk? <a href='/predictdata'>Take our AI assessment</a>"
    },
    {
      "keywords": ["diabetes complications", "what happens if diabetes untreated", "diabetes dangers", "diabetes risks"],
      "category": "diabetes",
      "response": "Untreated diabetes can lead to serious complications: <strong>Heart disease & stroke</strong> (2-4x higher risk), <strong>kidney damage</strong> (leading cause of kidney failure), <strong>nerve damage</strong> (numbness, pain), <strong>eye damage</strong> (blindness), <strong>foot problems</strong> (infections, amputations), <strong>skin conditions</strong>, <strong>hearing impairment</strong>, and <strong>Alzheimer's disease</strong>. Early detection is crucial! <a href='/predictdata'>Check your risk</a>"
    },
    {
      "keywords": ["diabetes diet", "what to eat diabetes", "diabetic food", "diabetes meal plan"],
      "category": "diabetes",
      "response": "Best foods for diabetes: <strong>Leafy greens</strong> (spinach, kale), <strong>fatty fish</strong> (salmon, sardines), <strong>nuts & seeds</strong> (almonds, chia), <strong>whole grains</strong> (quinoa, oats), <strong>beans & legumes</strong>, <strong>berries</strong>, <strong>Greek yogurt</strong>, <strong>eggs</strong>. Avoid: sugary drinks, white bread, candy, fried foods, processed snacks. After our <a href='/predictdata'>assessment</a>, you'll get personalized dietary recommendations!"
    },
    {
      "keywords": ["can diabetes be cured", "reverse diabetes", "cure diabetes", "get rid of diabetes"],
      "category": "diabetes",
      "response": "Type 1 diabetes cannot be cured - it requires lifelong insulin therapy. Type 2 diabetes can sometimes be reversed or put into remission through significant lifestyle changes: losing weight, exercising regularly, eating a healthy diet, and managing stress. Some people can stop medications entirely, but it requires ongoing commitment. Prediabetes is highly reversible! <a href='/predictdata'>Check your status</a>"
    },
    {
      "keywords": ["diabetes exercise", "workout for diabetes", "physical activity diabetes", "best exercise diabetes"],
      "category": "diabetes",
      "response": "Exercise is powerful medicine for diabetes! Aim for: <strong>150 minutes/week</strong> of moderate activity (brisk walking, swimming, cycling), <strong>strength training</strong> 2-3 times/week, <strong>flexibility exercises</strong> daily. Benefits: lowers blood sugar, improves insulin sensitivity, aids weight loss, reduces stress. Always check blood sugar before/after exercise and carry a snack. <a href='/predictdata'>Assess your risk</a>"
    },
    {
      "keywords": ["gestational diabetes", "pregnancy diabetes", "diabetes while pregnant", "diabetes during pregnancy"],
      "category": "diabetes",
      "response": "Gestational diabetes develops during pregnancy, usually around 24-28 weeks. It affects how your cells use sugar and can cause high blood sugar that affects your pregnancy and baby's health. Most women's blood sugar returns to normal after delivery, but they have a higher risk of developing Type 2 diabetes later. Proper management is crucial for a healthy pregnancy."
    },
    {
      "keywords": ["insulin", "what is insulin", "insulin function", "insulin role"],
      "category": "diabetes",
      "response": "Insulin is a hormone produced by your pancreas that acts like a key, unlocking your cells to let glucose (sugar) in for energy. Without enough insulin or if your body can't use it properly, glucose builds up in your bloodstream instead of fueling your cells. This is what happens in diabetes. Think of it as the delivery truck that brings energy to every cell in your body!"
    },
    {
      "keywords": ["a1c", "hemoglobin a1c", "hba1c", "what is a1c test"],
      "category": "diabetes",
      "response": "The A1C test measures your average blood sugar levels over the past 2-3 months. Results: <strong>Normal:</strong> Below 5.7% | <strong>Prediabetes:</strong> 5.7-6.4% | <strong>Diabetes:</strong> 6.5% or higher. For people with diabetes, the goal is usually below 7%. It's like a report card for your blood sugar management. Want to assess your diabetes risk? <a href='/predictdata'>Start here</a>"
    },
    {
      "keywords": ["hypoglycemia", "low blood sugar", "blood sugar too low", "sugar crash"],
      "category": "diabetes",
      "response": "Hypoglycemia (low blood sugar below 70 mg/dL) can happen if you take too much insulin, skip meals, exercise more than usual, or drink alcohol. Symptoms: shakiness, sweating, confusion, dizziness, hunger, irritability, fast heartbeat. <strong>Quick fix:</strong> Eat 15g fast-acting carbs (juice, glucose tablets, candy), wait 15 min, recheck. If severe, call 911. Prevention is key!"
    },
    {
      "keywords": ["hyperglycemia", "high blood sugar", "blood sugar too high", "sugar spike"],
      "category": "diabetes",
      "response": "Hyperglycemia (high blood sugar) happens when there's too much glucose in your blood. Causes: eating too much, not enough insulin/medication, illness, stress, inactivity. Symptoms: frequent urination, increased thirst, blurred vision, fatigue, headache. If very high (over 240 mg/dL) and you have ketones, seek immediate medical care. <a href='/predictdata'>Check your diabetes risk</a>"
    }
  ]
}
