{
  "dataset_insights": [
    {
      "topic": "diabetes_statistics",
      "keywords": [
        "diabetes statistics",
        "diabetes data",
        "how common diabetes",
        "diabetes percentage",
        "diabetes facts",
        "diabetes numbers"
      ],
      "response": "Based on our comprehensive dataset of 46,656 patients:<br>\u2022 1.7% have diabetes<br>\u2022 Average glucose (diabetic): 141 mg/dL<br>\u2022 Average glucose (normal): 110 mg/dL<br>\u2022 Average BMI (diabetic): 35.1<br>\u2022 Average age (diabetic): 37 years<br><br>This analysis is based on 46,656 real patient records for high accuracy. Check your risk: <a href='/predictdata'>Diabetes Assessment</a>"
    },
    {
      "topic": "mental_health_statistics",
      "keywords": [
        "mental health statistics",
        "student mental health",
        "depression statistics",
        "anxiety statistics",
        "student stress",
        "mental health data"
      ],
      "response": "Based on our student mental health dataset (101 students):<br>\u2022 34.7% report depression<br>\u2022 33.7% report anxiety<br>\u2022 32.7% report panic attacks<br><br>Mental health challenges are common among students. You're not alone. Take our <a href='/mental-health'>Mental Health Screening</a> for personalized assessment."
    }
  ],
  "statistics": {
    "diabetes": {
      "total_records": 46656,
      "diabetic_percentage": 1.7,
      "avg_glucose_diabetic": 141.3,
      "avg_glucose_normal": 110.0,
      "avg_bmi_diabetic": 35.1,
      "avg_age_diabetic": 37.1
    },
    "mental_health": {
      "total_students": 101,
      "depression_percentage": 34.7,
      "anxiety_percentage": 33.7,
      "panic_percentage": 32.7
    }
  },
  "total_records_analyzed": 46757
}